Alfie,Harris,109 E Laurel St,marisol.lind29@yahoo.com,AdaptableCounty,fb-.58SWb`Sn-Y#
Aidan, Kenneth,E18850 County Road H58,deion7@gmail.com,ToughControl,aGNWwh?fsNI7u\D
Travis, Amir,6325 Lewis St #116,ashlynn69@hotmail.com,QuirkyLibrary,I{f\urk`(-(=NZ7j
Jimmy, Herbert,1630 NE 38th Ave,evelyn.morissette39@gmail.com,PiquantOrganization,ZQvW}Vo.8hp'!i(!
Leo,Hassan,High St,lelah45@yahoo.com,NippyDifference,p}7Ikvg2X&{Is_
Raphael,Anita,E Union St,jaclyn.bashirian39@hotmail.com,RightfulGovernment,"X=6GJMYYc?^!/-""W"
Leon,Verity,Black Bear Rd,wilbert_reilly@gmail.com,DazzlingDiscussion,ytUO.;F/%sH?'dmj
Ebony,Khalid,Bon Air Dr,reyna79@gmail.com,SquareBonus,Dc}yFyUCK0r2'&s
Earnest,Philip,Will Way,kellie23@hotmail.com,NaughtyChampionship,Di{M*G)DnKfHZjQX
Ioan,Jeffery,Cowles Rd,dante_reilly@hotmail.com,MarriedCity,KonEW(/xsc(J~eG`
Eric,Reuben,Tomhannock Rd,kathryne43@hotmail.com,SeveralTransportation,Q#?PHNR.2yu4#_#
Meagan,Brand,Cypress Ave,grover_kub20@gmail.com,UnusualSatisfaction,DPzoVnI{I}i=t1h
Edmond,Dodd,Castlewood Dr,penelope59@yahoo.com,AngrySecurity,FruiWbhtgJ00}.}f
Deanna,Denton,N Highland Dr,maurine_hane@hotmail.com,Well-To-DoRevolution,jt5KEM2igVwrsKjz
London,Rocha,Village Rd,johnson_considine69@hotmail.com,ElderlySociety,fgBIfG^w?@u/PKH
Lilah,Lyons,Penn Ave,florence5@yahoo.com,SickHair,"hYQ{2>JThU@""gJL"
Taryn,Mora,W Madison Ave,megane_durgan56@yahoo.com,RedundantEmployee,W{*tjPNxPIK`:e=1
Natalia,Wilkinson,Edwards Rd,shyanne74@yahoo.com,VastConcept,lsjs7/B:MaBzBUsU
